{
    "loss": 2.2686400413513184,
    "accuracy": 0.5392156839370728
}