{
    "loss": 0.08153727650642395,
    "accuracy": 0.9607843160629272
}